firstName,bio,gender,age,country,interests
Anna,Loves travel and cooking. Looking for someone kind and consistent.,woman,28,USA,"Travelling, Cooking, Fitness, Music, Nature"
Sophia,"Hi, I'm Sophia. I work as a graphic designer and love creativity. I enjoy exploring coffee shops, photography, and finding quiet places to read.",woman,27,USA,"Photography, Reading, Music, Nature, Museums & Art, Coffee"
Olivia,"Hey, I'm Olivia. I work in marketing. I enjoy the gym, yoga, and planning weekend trips.",woman,26,USA,"Fitness, Meditation & Yoga, Travelling, Music, Sports, Nature"
Ava,"Hi, I'm Ava. Music is a big part of my life. I enjoy concerts, dancing, and trying new restaurants.",woman,25,USA,"Music & Concerts, Dancing, Travelling, Party & Night Clubs, Fitness, Cooking"
Harper,"I'm Harper, and I love books. I work in publishing. My ideal evening is a cozy café and a good novel.",woman,27,USA,"Reading, Reading books, Coffee, Travelling, Music, Nature"
Abigail,"Hi, I'm Abigail. I'm a nurse. I enjoy cooking, family time, and watching documentaries.",woman,29,USA,"Cooking, Movies, Reading, Meditation & Yoga, Nature, Family time"
Scarlett,I'm Scarlett. I work in media and love music festivals and spontaneous adventures.,woman,28,USA,"Music & Concerts, Party & Night Clubs, Dancing, Travelling, Nature, Camping"
Zoey,"Hey, I'm Zoey. I'm energetic and love staying active. I enjoy sports, hiking, and gaming.",woman,24,USA,"Sports, Hiking, Games, Fitness, Nature, Biking"
Layla,"I'm Layla. I work as a makeup artist. I enjoy shopping, social events, and fashion.",woman,24,USA,"Shopping, Party & Night Clubs, Fashion, Dancing, Music & Concerts, Socializing"
Brooke,"I'm Brooke, a fitness instructor. I love beach trips, smoothies, and positive energy.",woman,26,USA,"Fitness, Lying on the beach, Meditation & Yoga, Nature, Sports, Swimming"
Irene,"Hi, I'm Irene. I work in accounting but enjoy puzzles, reading, and quiet weekends.",woman,30,USA,"Games, Reading, Music, Reading books, Coffee, Nature"
Uma,Yoga enthusiast who values balance and positive energy.,woman,28,USA,"Meditation & Yoga, Nature, Fitness, Reading, Walking, Wellness"
Zara,Fashion-forward and loves city life.,woman,24,USA,"Fashion, Shopping, Party & Night Clubs, Music & Concerts, Dancing, Socializing"
Farah,Entrepreneur who enjoys business and travel.,woman,28,USA,"Travelling, Fitness, Cooking, Shopping, Nature, Music"
Kendra,Photographer who enjoys storytelling through images.,woman,26,USA,"Photography, Museums & Art, Travelling, Nature, Hiking, Camping"
Priya,Doctor who values kindness and compassion.,woman,32,USA,"Reading, Meditation & Yoga, Wellness, Nature, Fitness, Music"
Willow,Nature lover who enjoys hiking.,woman,27,USA,"Nature, Hiking, Camping, Photography, Walking, Biking"
Brenda,Friendly personality who enjoys cooking.,woman,28,USA,"Cooking, Socializing, Family time, Friends, Nature, Music"
Hazel,Baker who enjoys making desserts.,woman,24,USA,"Cooking, Friends, Shopping, Music & Concerts, Party & Night Clubs, Dancing"
Mila,Photographer who enjoys travel photography.,woman,26,USA,"Photography, Travelling, Museums & Art, Nature, Hiking, Camping"
Tamara,Fitness lover who enjoys running.,woman,27,USA,"Fitness, Sports, Nature, Hiking, Biking, Camping"
Yvette,Event coordinator who loves parties.,woman,27,USA,"Party & Night Clubs, Music & Concerts, Dancing, Socializing, Events, Friends"
Addison,"Hi, I'm Addison. I'm a marine biologist. I love diving, sailing, and discovering hidden beaches.",woman,29,USA,"Diving, Sailing, Lying on the beach, Nature, Travelling, Photography"
Rachel,"I'm Rachel, a carpenter. I enjoy fishing, camping, and working on cars.",woman,32,USA,"Fishing & Hunting, Camping, Cars, Hobbies & Crafts, Nature, DIY"
Ainsley,"Hey, I'm Ainsley. I'm a professional dancer. I enjoy dancing, concerts, and staying active.",woman,25,USA,"Dancing, Music & Concerts, Fitness, Party & Night Clubs, Sports, Performance"
Finley,"I'm Finley, a graphic designer. I enjoy art galleries, creative projects, and weekend markets.",woman,28,USA,"Museums & Art, Hobbies & Crafts, Shopping, Creativity, Photography, Nature"
Landry,"Hi, I'm Landry. I'm a carpenter. I love fishing, camping, and working on cars.",woman,31,USA,"Cars, Fishing & Hunting, Camping, Hobbies & Crafts, DIY, Nature"
Reese,"I'm Reese, a bartender. I enjoy nightlife, dancing, and trying new restaurants.",woman,25,USA,"Party & Night Clubs, Dancing, Socializing, Music & Concerts, Friends, Cooking"
Channing,"Hi, I'm Channing. I'm a fitness instructor. I enjoy sports, biking, and outdoor workouts.",woman,26,USA,"Fitness, Sports, Biking, Nature, Outdoor, Camping"
Marlowe,"Hey, I'm Marlowe. I'm in marketing. I enjoy art galleries, restaurants, and weekend getaways.",woman,29,USA,"Museums & Art, Travelling, Cooking, Fine dining, Music & Concerts, Shopping"
Sage,"I'm Sage, a writer. I enjoy reading, quiet cafes, and long walks.",woman,30,USA,"Reading, Reading books, Coffee, Walking, Nature, Music"
Xanthe,"Hi, I'm Xanthe. I'm a chef. I enjoy cooking, fishing, and hosting dinner parties.",woman,29,USA,"Cooking, Fishing & Hunting, Camping, Friends, Nature, Music"
Clover,"I'm Clover, a florist. I enjoy gardening, nature walks, and photography.",woman,27,USA,"Nature, Gardening, Walking, Photography, Museums & Art, Hobbies & Crafts"
Haven,"Hey, I'm Haven. I'm a marine biologist. I enjoy diving, sailing, and beach days.",woman,31,USA,"Diving, Sailing, Lying on the beach, Nature, Swimming, Travelling"
Meadow,"I'm Meadow, a florist. I love flowers, gardening, and nature walks.",woman,29,USA,"Nature, Gardening, Walking, Photography, Museums & Art, Hobbies & Crafts"
River,"Hi, I'm River. I'm a fitness coach. I enjoy sports, biking, and outdoor workouts.",woman,29,USA,"Fitness, Sports, Biking, Nature, Camping, Hiking"
Wrenley,"I'm Wrenley, a musician. I enjoy concerts, music festivals, and discovering new artists.",woman,31,USA,"Music & Concerts, Dancing, Party & Night Clubs, Music, Socializing, Performance"
Breeze,"Hey, I'm Breeze. I'm a photographer. I enjoy hiking, travelling, and adventure.",woman,31,USA,"Photography, Hiking, Travelling, Nature, Museums & Art, Camping"
Gale,"I'm Gale, an outdoor guide. I enjoy hiking, camping, biking, and nature.",woman,31,USA,"Hiking, Camping, Biking, Nature, Outdoor, Sports"
Lux,"Hi, I'm Lux. I'm a writer. I enjoy reading, coffee shops, and long walks.",woman,31,USA,"Reading, Reading books, Coffee, Walking, Nature, Music"
Quill,"I'm Quill, a chef. I enjoy cooking, fishing, and hosting dinner parties.",woman,31,USA,"Cooking, Fishing & Hunting, Camping, Friends, Nature, Music"
Veda,"Hey, I'm Veda. I'm a yoga teacher. I enjoy meditation, nature, and peaceful living.",woman,31,USA,"Meditation & Yoga, Nature, Wellness, Reading, Walking, Fitness"
Sarah,"Hi, I'm Sarah. I'm a software engineer. I enjoy hiking, photography, and coffee shops.",woman,27,USA,"Hiking, Photography, Coffee, Nature, Biking, Fitness"
Jessica,"I'm Jessica, a veterinarian. I enjoy horseback riding, volunteering, and time outdoors.",woman,29,USA,"Pets, Horseback riding, Nature, Walking, Hiking, Camping"
Ashley,"Hey, I'm Ashley. I'm a real estate agent. I enjoy home decor, fitness, and wine tasting.",woman,32,USA,"Fitness, Cooking, Socializing, Travelling, Shopping, Music & Concerts"
Emily,"I'm Emily, a pastry chef. I love baking, trying new recipes, and sharing treats with friends.",woman,26,USA,"Cooking, Friends, Coffee, Shopping, Baking, Music"
Elizabeth,"Hi, I'm Elizabeth. I'm a lawyer. I enjoy reading, theatre, and fine dining.",woman,34,USA,"Reading, Cooking, Museums & Art, Music & Concerts, Theatre, Fine dining"
Jennifer,"I'm Jennifer, a physical therapist. I enjoy yoga, hiking, and beach days.",woman,30,USA,"Meditation & Yoga, Hiking, Lying on the beach, Fitness, Nature, Swimming"
Amanda,"Hey, I'm Amanda. I'm an artist. I enjoy galleries, nature walks, and quiet evenings.",woman,28,USA,"Museums & Art, Nature, Walking, Photography, Hobbies & Crafts, Painting"
Nicole,"I'm Nicole, a marketing director. I enjoy travelling, restaurants, and concerts.",woman,33,USA,"Travelling, Cooking, Music & Concerts, Socializing, Museums & Art, Shopping"
Brittany,"Hi, I'm Brittany. I'm a nurse. I enjoy reading, yoga, and family time.",woman,29,USA,"Reading, Meditation & Yoga, Nature, Wellness, Family time, Walking"
Megan,"I'm Megan, a graphic designer. I enjoy photography, art galleries, and exploring the city.",woman,26,USA,"Photography, Museums & Art, Creativity, Shopping, Music & Concerts, Nature"
Heather,"Hey, I'm Heather. I'm a teacher. I enjoy baking, gardening, and quiet evenings with a book.",woman,31,USA,"Cooking, Gardening, Reading, Nature, Family time, Walking"
Stephanie,"I'm Stephanie, a fitness coach. I enjoy running, hiking, and outdoor workouts.",woman,27,USA,"Fitness, Running, Hiking, Sports, Nature, Camping"
Rebecca,"Hi, I'm Rebecca. I'm a wedding planner. I enjoy dancing, parties, and making people happy.",woman,28,USA,"Dancing, Party & Night Clubs, Socializing, Music & Concerts, Events, Friends"
Laura,"I'm Laura, a pharmacist. I love cooking, yoga, and relaxing with my cats.",woman,32,USA,"Cooking, Meditation & Yoga, Pets, Wellness, Reading, Nature"
Danielle,"Hey, I'm Danielle. I'm a fashion designer. I enjoy shopping, fashion shows, and art galleries.",woman,26,USA,"Fashion, Shopping, Museums & Art, Creativity, Party & Night Clubs, Music & Concerts"
Christina,"I'm Christina, a dentist. I enjoy travelling, restaurants, and fitness.",woman,30,USA,"Travelling, Cooking, Fitness, Shopping, Music & Concerts, Nature"
Kayla,"Hi, I'm Kayla. I'm a flight attendant. I enjoy exploring cities, photography, and coffee.",woman,27,USA,"Travelling, Photography, Coffee, Nature, Hiking, Adventure"
Rachel B,"I'm Rachel, a photographer. I enjoy hiking, camping, and nature photography.",woman,29,USA,"Photography, Hiking, Camping, Nature, Museums & Art, Wildlife"
Lauren,"Hey, I'm Lauren. I'm a social worker. I enjoy reading, meditation, and quiet walks.",woman,31,USA,"Reading, Meditation & Yoga, Walking, Wellness, Nature, Music"
Amber,"I'm Amber, a bartender. I enjoy nightlife, dancing, and live music.",woman,25,USA,"Party & Night Clubs, Dancing, Music & Concerts, Socializing, Friends, Cooking"
Samantha,"Hi, I'm Samantha. I'm an interior designer. I enjoy home decor, DIY projects, and markets.",woman,28,USA,"Hobbies & Crafts, DIY, Shopping, Creativity, Museums & Art, Decorating"
Alexis,"I'm Alexis, a personal trainer. I enjoy hiking, biking, and outdoor adventures.",woman,26,USA,"Fitness, Hiking, Biking, Sports, Nature, Camping"
Kimberly,"Hey, I'm Kimberly. I'm a writer. I enjoy reading, coffee shops, and long walks.",woman,30,USA,"Reading, Reading books, Coffee, Walking, Nature, Music"
Taylor,"I'm Taylor, a yoga instructor. I enjoy meditation, nature, and peaceful living.",woman,29,USA,"Meditation & Yoga, Nature, Wellness, Reading, Walking, Fitness"
Madison,"Hi, I'm Madison. I work in finance. I enjoy fitness classes, brunch, and short trips.",woman,27,USA,"Fitness, Travelling, Meditation & Yoga, Nature, Socializing, Shopping"
Hannah,"Hi, I'm Hannah. I enjoy coffee with friends and quiet evenings with a book.",woman,30,USA,"Coffee, Reading, Music, Nature, Walking, Reading books"
Victoria,"I'm Victoria, a business owner. I enjoy fitness, spa days, travelling, and films.",woman,33,USA,"Fitness, Travelling, Movies, Cooking, Nature, Shopping"
Grace,"Hi, I'm Grace. I enjoy yoga, meditation, and spending time in nature.",woman,31,USA,"Meditation & Yoga, Nature, Reading, Music, Wellness, Walking"
Aurora,"Hi, I'm Aurora. I'm a photographer. I love travelling, nature, and long walks.",woman,28,USA,"Photography, Travelling, Nature, Walking, Museums & Art, Music"
Sophie,"Hi, I'm Sophie. I work in education. I like podcasts, books, and quiet cafes.",woman,29,USA,"Music, Reading, Coffee, Meditation & Yoga, Wellness, Nature"
Zoe,"Hi, I'm Zoe. I work in digital marketing. I like travelling, yoga, and restaurants.",woman,27,USA,"Travelling, Meditation & Yoga, Cooking, Fitness, Wellness, Music & Concerts"
Elena,"Hi, I'm Elena. I work in hospitality. I enjoy cooking, travelling, and time with friends.",woman,28,USA,"Cooking, Travelling, Friends, Nature, Music, Camping"
Jasmine,"I'm Jasmine, a personal trainer. I enjoy fitness, hiking, and anything outdoors.",woman,26,USA,"Fitness, Hiking, Nature, Sports, Camping, Biking"
Paige,"Hi, I'm Paige. I enjoy painting, photography, cafes, and long walks.",woman,29,USA,"Hobbies & Crafts, Photography, Coffee, Walking, Museums & Art, Music"
Faith,"I'm Faith, a childcare worker. I enjoy baking, movies, and family time.",woman,27,USA,"Cooking, Movies, Family time, Reading, Walking, Nature"
Leah,"Hi, I'm Leah. I work in healthcare. I enjoy yoga, reading, and relaxing with friends.",woman,30,USA,"Meditation & Yoga, Reading, Friends, Wellness, Nature, Walking"
Naomi,"I'm Naomi. I work in fashion. I love city life, travel, and restaurants.",woman,25,USA,"Fashion, Travelling, Cooking, Shopping, Party & Night Clubs, Music & Concerts"
Kayla K,"Hi, I'm Kayla. I enjoy sports, gym sessions, and outdoor activities.",woman,24,USA,"Sports, Fitness, Outdoor, Hiking, Nature, Biking"
Nina,"I'm Nina, a graphic designer. I enjoy drawing, galleries, and discovering new music.",woman,27,USA,"Hobbies & Crafts, Museums & Art, Music & Concerts, Creativity, Photography, Nature"
Tessa,"Hi, I'm Tessa. I work in publishing. I love books, quiet evenings, and exploring cities.",woman,29,USA,"Reading, Reading books, Travelling, Coffee, Music, Nature"
Carla,"Hi, I'm Carla. I work in retail. I enjoy socialising, shopping, and weekend brunch.",woman,28,USA,"Socializing, Shopping, Friends, Fashion, Party & Night Clubs, Music & Concerts"
Erica,"Hi, I'm Erica. I work in IT. I enjoy technology, gaming, and sci-fi movies.",woman,25,USA,"Games, Movies, Watching TV, Nature, Music, Hobbies & Crafts"
Fiona,"I'm Fiona, a hair stylist. I love music and travel.",woman,27,USA,"Fashion, Music & Concerts, Travelling, Party & Night Clubs, Socializing, Shopping"
Gemma,"Hi, I'm Gemma. I enjoy fitness, good food, and time outdoors.",woman,26,USA,"Fitness, Cooking, Nature, Hiking, Camping, Sports"
Holly,"I'm Holly, a florist. I enjoy nature walks and photography.",woman,28,USA,"Nature, Walking, Photography, Gardening, Museums & Art, Hobbies & Crafts"
Jade,"I'm Jade. I work in customer service. I enjoy socialising, dancing, and meeting people.",woman,24,USA,"Socializing, Dancing, Music & Concerts, Party & Night Clubs, Friends, Shopping"
Kara,"Hi, I'm Kara. I work in travel planning. I enjoy exploring new places.",woman,27,USA,"Travelling, Hiking, Nature, Photography, Camping, Adventure"
Lila,"I'm Lila, a yoga instructor. I value calmness and balance.",woman,29,USA,"Meditation & Yoga, Nature, Wellness, Reading, Walking, Fitness"
Monica,"Hi, I'm Monica. I work in event planning. I enjoy celebrations and gatherings.",woman,26,USA,"Party & Night Clubs, Events, Socializing, Music & Concerts, Friends, Dancing"
Nora,"I'm Nora, a librarian. I love books, tea, walks, and thoughtful conversations.",woman,31,USA,"Reading books, Coffee, Walking, Reading, Music, Nature"
Penny,"I'm Penny. I enjoy crafts, DIY projects, and decorating spaces.",woman,25,USA,"Hobbies & Crafts, DIY, Creativity, Museums & Art, Shopping, Decorating"
Quinn,"Hi, I'm Quinn. I work in digital design. I enjoy creativity, photography, and travel.",woman,26,USA,"Photography, Travelling, Museums & Art, Creativity, Nature, Music"
Rhea,"I'm Rhea, a teacher. I love reading and weekend walks.",woman,29,USA,"Reading, Walking, Nature, Music, Reading books, Coffee"
Sasha,"Hi, I'm Sasha. I enjoy dancing, music, nightlife, and quiet evenings.",woman,24,USA,"Dancing, Music & Concerts, Party & Night Clubs, Music, Friends, Socializing"
Talia,I'm Talia. I work in beauty therapy. I enjoy helping people relax.,woman,27,USA,"Wellness, Fitness, Nature, Meditation & Yoga, Walking, Spa"
Valerie,Office manager who enjoys travel and weekend brunch.,woman,30,USA,"Travelling, Socializing, Friends, Coffee, Shopping, Nature"
Wendy,Dog lover who enjoys park walks and cozy evenings.,woman,26,USA,"Pets, Walking, Music, Nature, Movies, Camping"
Xenia,Creative designer who loves art and photography.,woman,25,USA,"Museums & Art, Photography, Creativity, Hobbies & Crafts, Travelling, Nature"
Yasmin,Friendly personality who enjoys cooking and family time.,woman,28,USA,"Cooking, Family time, Friends, Nature, Music, Walking"
Alicia,Social worker who cares deeply about helping others.,woman,31,USA,"Reading, Nature, Music, Wellness, Walking, Meditation & Yoga"
Bianca,Hair stylist who enjoys music and travel.,woman,27,USA,"Fashion, Music & Concerts, Travelling, Shopping, Party & Night Clubs, Dancing"
Carmen,Chef who loves experimenting with new recipes.,woman,29,USA,"Cooking, Fishing & Hunting, Camping, Friends, Nature, Music"
Diana,Lawyer who enjoys theatre and fine dining.,woman,33,USA,"Cooking, Museums & Art, Music & Concerts, Theatre, Fine dining, Reading"
Elisa,Nurse who enjoys calm weekends and nature walks.,woman,30,USA,"Music, Walking, Reading, Wellness, Nature, Pets"
Gina,Fitness coach who loves staying active.,woman,26,USA,"Fitness, Sports, Nature, Hiking, Biking, Camping"
Helena,Artist who enjoys painting landscapes.,woman,27,USA,"Hobbies & Crafts, Museums & Art, Nature, Music, Photography, Walking"
India,Travel blogger who enjoys exploring cultures.,woman,25,USA,"Travelling, Photography, Cooking, Adventure, Nature, Hiking"
Joanna,Accountant who enjoys organisation and stability.,woman,29,USA,"Reading, Music, Nature, Walking, Coffee, Reading books"
Lana,Singer who enjoys live music.,woman,24,USA,"Music & Concerts, Dancing, Party & Night Clubs, Music, Performance, Concerts"
Marina,Ocean lover who enjoys beach trips.,woman,27,USA,"Lying on the beach, Swimming, Nature, Travelling, Sailing, Diving"
Nadia,Marketing assistant who enjoys social events.,woman,25,USA,"Party & Night Clubs, Socializing, Friends, Shopping, Music & Concerts, Dancing"
Ophelia,Literature lover and theatre enthusiast.,woman,28,USA,"Reading, Theatre, Reading books, Music, Museums & Art, Coffee"
Rosa,Florist who loves nature.,woman,26,USA,"Nature, Gardening, Walking, Photography, Museums & Art, Hobbies & Crafts"
Selena,Makeup artist who enjoys creativity.,woman,24,USA,"Fashion, Shopping, Museums & Art, Party & Night Clubs, Music & Concerts, Dancing"
Tina,Office administrator who enjoys simple living.,woman,29,USA,"Reading, Music, Walking, Nature, Coffee, Reading books"
Ursula,Chef who enjoys culinary creativity.,woman,31,USA,"Cooking, Fishing & Hunting, Camping, Friends, Nature, Music"
Vera,Historian who enjoys museums.,woman,33,USA,"Museums & Art, Reading, Walking, Nature, Music, Hobbies & Crafts"
Ximena,Fashion stylist who enjoys creativity.,woman,25,USA,"Fashion, Shopping, Museums & Art, Party & Night Clubs, Music & Concerts, Dancing"
Yara,Travel enthusiast who enjoys adventure.,woman,24,USA,"Travelling, Hiking, Nature, Photography, Camping, Adventure"
Zoe A,Tech worker who enjoys gaming and movies.,woman,26,USA,"Games, Movies, Watching TV, Nature, Music, Hobbies & Crafts"
Alina,Fitness enthusiast who enjoys gym life.,woman,27,USA,"Fitness, Sports, Nature, Hiking, Biking, Camping"
Celia,Librarian who enjoys books and quiet cafes.,woman,30,USA,"Reading books, Coffee, Reading, Music, Nature, Walking"
Daphne,Gardener who loves plants.,woman,26,USA,"Gardening, Nature, Walking, Photography, Hobbies & Crafts, Camping"
Elsa,Teacher who enjoys helping children learn.,woman,29,USA,"Reading, Nature, Hobbies & Crafts, Music, Walking, Family time"
Frida,Artist who enjoys painting.,woman,25,USA,"Museums & Art, Creativity, Nature, Photography, Hobbies & Crafts, Walking"
Gloria,Choir singer who loves music.,woman,27,USA,"Music & Concerts, Performance, Concerts, Music, Dancing, Socializing"
Ivana,Business consultant who enjoys travel.,woman,31,USA,"Travelling, Cooking, Nature, Fitness, Music, Hiking"
Julia,Journalist who enjoys storytelling.,woman,28,USA,"Reading, Travelling, Nature, Music, Photography, Walking"
Kylie,Beauty therapist who enjoys skincare.,woman,25,USA,"Wellness, Fitness, Nature, Meditation & Yoga, Walking, Spa"
Lena,Interior designer who loves decorating.,woman,27,USA,"Hobbies & Crafts, Shopping, Museums & Art, Creativity, DIY, Decorating"
Nina B,Yoga lover who enjoys wellness.,woman,28,USA,"Meditation & Yoga, Wellness, Nature, Walking, Reading, Fitness"
Olga,Chef who enjoys cooking international dishes.,woman,30,USA,"Cooking, Travelling, Camping, Friends, Nature, Music"
Petra,Architect who loves design.,woman,29,USA,"Museums & Art, Creativity, Travelling, Nature, Photography, Hobbies & Crafts"
Rina,Dance instructor who enjoys movement.,woman,26,USA,"Dancing, Fitness, Music & Concerts, Party & Night Clubs, Sports, Performance"
Sara,Social personality who enjoys meeting people.,woman,24,USA,"Socializing, Friends, Party & Night Clubs, Events, Travelling, Music & Concerts"
Ulyana,Artist who enjoys illustration.,woman,25,USA,"Museums & Art, Hobbies & Crafts, Creativity, Nature, Photography, Design"
Vanessa,Fashion buyer who enjoys shopping trips.,woman,28,USA,"Fashion, Shopping, Travelling, Music & Concerts, Party & Night Clubs, Dancing"
Willa,Nature lover who enjoys countryside walks.,woman,26,USA,"Nature, Walking, Hiking, Photography, Camping, Animals"
Xandra,Photographer who loves portraits.,woman,24,USA,"Photography, Museums & Art, Creativity, Travelling, Fashion, Nature"
Zina,Friendly personality who enjoys cooking.,woman,25,USA,"Cooking, Friends, Family time, Nature, Music, Walking"
Ariana,Singer who enjoys performing.,woman,23,USA,"Music & Concerts, Performing, Concerts, Theatre, Museums & Art, Dancing"
Briana,Nurse who enjoys helping people.,woman,29,USA,"Reading, Nature, Wellness, Walking, Meditation & Yoga, Pets"
Camila,Travel enthusiast who enjoys adventure.,woman,26,USA,"Travelling, Hiking, Nature, Photography, Camping, Adventure"
Delilah,Relaxed personality who enjoys music and peaceful evenings.,woman,24,USA,"Music & Concerts, Music, Reading, Relaxation, Nature, Coffee"
Kennedy,"I'm Kennedy, a veterinary student. I enjoy camping, hiking, and time outdoors.",woman,24,USA,"Pets, Camping, Hiking, Nature, Walking, Reading"
Nova,"Hey, I'm Nova. I'm a bike mechanic. I love biking through trails and exploring.",woman,26,USA,"Biking, Nature, Fitness, Sports, Camping, Hiking"
Piper,"I'm Piper, a freelance writer. I love camping, fishing, and photography.",woman,30,USA,"Camping, Fishing & Hunting, Photography, Nature, Reading, Walking"
Quinn B,"Hi, I'm Quinn. I'm an event planner. I enjoy dancing, nightlife, and parties.",woman,27,USA,"Party & Night Clubs, Dancing, Socializing, Music & Concerts, Events, Friends"
Sawyer,"Hey, I'm Sawyer. I'm a wildlife photographer. I love hiking, camping, and nature.",woman,28,USA,"Photography, Hiking, Camping, Nature, Wildlife, Travelling"
Tatum,"I'm Tatum, a pastry chef. I love baking, cooking, and biking.",woman,26,USA,"Cooking, Baking, Biking, Reading, Coffee, Friends"
Violet,"Hi, I'm Violet. I'm a yoga teacher. I enjoy meditation, nature walks, and quiet evenings.",woman,31,USA,"Meditation & Yoga, Nature, Walking, Reading, Wellness, Fitness"
Wren,"I'm Wren, a graphic designer. I enjoy museums, galleries, and flea markets.",woman,27,USA,"Museums & Art, Shopping, Hobbies & Crafts, Creativity, Photography, Nature"
Blair,"I'm Blair, an environmental scientist. I love hiking, camping, and nature.",woman,29,USA,"Nature, Hiking, Camping, Biking, Walking, Camping"
Campbell,"Hi, I'm Campbell. I'm a personal trainer. I enjoy sports, biking, and outdoor workouts.",woman,27,USA,"Fitness, Sports, Biking, Nature, Camping, Hiking"
Delaney,"I'm Delaney, a musician. I enjoy concerts, music festivals, and discovering artists.",woman,26,USA,"Music & Concerts, Concerts, Music, Dancing, Party & Night Clubs, Performance"
Ellis,"Hey, I'm Ellis. I'm a chef. I enjoy cooking, fishing, and hosting dinner parties.",woman,30,USA,"Cooking, Fishing & Hunting, Camping, Friends, Nature, Music"
Greer,"Hi, I'm Greer. I'm a nurse. I enjoy reading, yoga, and time with my pets.",woman,33,USA,"Reading, Meditation & Yoga, Pets, Wellness, Nature, Walking"
Hayden,"I'm Hayden, an outdoor educator. I enjoy hiking, camping, and biking.",woman,27,USA,"Hiking, Camping, Biking, Nature, Outdoor, Sports"
Jameson,"Hey, I'm Jameson. I'm in marketing. I enjoy nightlife, dancing, and restaurants.",woman,26,USA,"Party & Night Clubs, Dancing, Cooking, Socializing, Music & Concerts, Shopping"
Kensington,"I'm Kensington, a fashion stylist. I enjoy shopping, fashion events, and art galleries.",woman,28,USA,"Fashion, Shopping, Museums & Art, Party & Night Clubs, Socializing, Music & Concerts"
Monroe,"I'm Monroe, a yoga instructor. I enjoy meditation, nature walks, and peaceful evenings.",woman,29,USA,"Meditation & Yoga, Nature, Walking, Reading, Wellness, Fitness"
North,"Hey, I'm North. I'm a travel blogger. I love diving, hiking, and exploring.",woman,26,USA,"Travelling, Diving, Hiking, Photography, Adventure, Nature"
Oakley,"I'm Oakley, a sports coach. I enjoy hockey, biking, and time outdoors.",woman,27,USA,"Sports, Hockey, Biking, Fitness, Nature, Camping"
Parker,"Hi, I'm Parker. I'm a photographer. I enjoy hiking, camping, and exploring.",woman,28,USA,"Photography, Hiking, Camping, Travelling, Nature, Adventure"
Sutton,"Hi, I'm Sutton. I'm a veterinarian. I enjoy hiking, camping, and time with my dogs.",woman,32,USA,"Pets, Hiking, Camping, Nature, Walking, Outdoor"
Taylor D,"I'm Taylor, a graphic designer. I enjoy museums, creative projects, and coffee shops.",woman,28,USA,"Museums & Art, Hobbies & Crafts, Coffee, Creativity, Photography, Reading books"
Arden,"Hey, I'm Arden. I'm a marine biologist. I enjoy diving, sailing, and beach days.",woman,29,USA,"Diving, Sailing, Lying on the beach, Nature, Travelling, Swimming"
Briar,"I'm Briar, a florist. I enjoy gardening, nature walks, and quiet evenings.",woman,27,USA,"Nature, Gardening, Walking, Photography, Museums & Art, Hobbies & Crafts"
Drew,"I'm Drew, a writer. I enjoy reading, bookshops, and quiet coffee dates.",woman,30,USA,"Reading, Reading books, Coffee, Walking, Music, Nature"
Emerson,"Hey, I'm Emerson. I'm a chef. I enjoy cooking, fishing, and farmers markets.",woman,29,USA,"Cooking, Fishing & Hunting, Shopping, Camping, Friends, Nature"
Fallon,"I'm Fallon, a fashion buyer. I enjoy shopping, fashion shows, and city life.",woman,28,USA,"Fashion, Shopping, Party & Night Clubs, Music & Concerts, Socializing, Dancing"
Gray,"Hi, I'm Gray. I'm an outdoor guide. I enjoy hiking, camping, and biking.",woman,31,USA,"Hiking, Camping, Biking, Nature, Outdoor, Sports"
Harlow,"I'm Harlow, a yoga teacher. I enjoy meditation, nature walks, and peaceful mornings.",woman,30,USA,"Meditation & Yoga, Nature, Walking, Wellness, Reading, Fitness"
Ivy,"Hey, I'm Ivy. I'm a musician. I enjoy concerts, music festivals, and discovering artists.",woman,26,USA,"Music & Concerts, Concerts, Music, Dancing, Performance, Party & Night Clubs"
Juniper,"I'm Juniper, a photographer. I enjoy hiking, travelling, and finding beauty everywhere.",woman,28,USA,"Photography, Hiking, Travelling, Nature, Museums & Art, Camping"
Kit,"Hi, I'm Kit. I'm a carpenter. I enjoy fishing, camping, and working with wood.",woman,32,USA,"Cars, Fishing & Hunting, Camping, Hobbies & Crafts, DIY, Nature"
Lennon,"I'm Lennon, a bartender. I enjoy nightlife, dancing, and live music.",woman,27,USA,"Party & Night Clubs, Dancing, Music & Concerts, Cooking, Socializing, Friends"
Niamh,"I'm Niamh, a nurse. I enjoy reading, yoga, and quiet evenings with my cat.",woman,31,USA,"Reading, Meditation & Yoga, Pets, Wellness, Nature, Walking"
Oscar,"Hi, I'm Oscar. I'm an event planner. I enjoy parties, dancing, and creating experiences.",woman,26,USA,"Party & Night Clubs, Dancing, Events, Socializing, Music & Concerts, Friends"
Phoenix,"I'm Phoenix, a fitness coach. I enjoy hiking, biking, and staying active.",woman,28,USA,"Fitness, Hiking, Biking, Sports, Nature, Camping"
Riley,"Hey, I'm Riley. I'm a graphic designer. I enjoy museums, creative projects, and exploring.",woman,27,USA,"Museums & Art, Hobbies & Crafts, Creativity, Photography, Nature, Music"
Tegan,"Hi, I'm Tegan. I'm a personal trainer. I enjoy sports, gym sessions, and outdoor workouts.",woman,29,USA,"Fitness, Sports, Nature, Hiking, Biking, Camping"
Unity,"I'm Unity, a yoga instructor. I enjoy meditation, nature, and peaceful living.",woman,32,USA,"Meditation & Yoga, Nature, Wellness, Reading, Walking, Fitness"
Vale,"Hey, I'm Vale. I'm a photographer. I enjoy hiking, travelling, and finding beauty.",woman,28,USA,"Photography, Hiking, Travelling, Nature, Museums & Art, Camping"
Waverly,"I'm Waverly, a marine biologist. I enjoy diving, sailing, and beach conservation.",woman,30,USA,"Diving, Sailing, Lying on the beach, Nature, Swimming, Travelling"
Yuki,"I'm Yuki, a fashion designer. I enjoy shopping, fashion events, and art galleries.",woman,27,USA,"Fashion, Shopping, Museums & Art, Party & Night Clubs, Music & Concerts, Dancing"
Zephyr,"Hey, I'm Zephyr. I'm an outdoor guide. I enjoy hiking, camping, and biking.",woman,31,USA,"Hiking, Camping, Biking, Nature, Outdoor, Sports"
Afton,"I'm Afton, a nurse. I enjoy reading, yoga, and quiet evenings with my dog.",woman,30,USA,"Reading, Meditation & Yoga, Pets, Wellness, Nature, Walking"
Blythe,"Hi, I'm Blythe. I'm in marketing. I enjoy art, restaurants, and travelling.",woman,28,USA,"Museums & Art, Cooking, Travelling, Socializing, Music & Concerts, Shopping"
Dove,"Hey, I'm Dove. I'm a yoga teacher. I enjoy meditation, nature, and quiet living.",woman,32,USA,"Meditation & Yoga, Nature, Wellness, Reading, Walking, Fitness"
Elowen,"I'm Elowen, a writer. I enjoy reading, coffee shops, and long walks.",woman,29,USA,"Reading, Reading books, Coffee, Walking, Music, Nature"
Fable,"Hi, I'm Fable. I'm a photographer. I enjoy hiking, travelling, and finding beauty.",woman,28,USA,"Photography, Hiking, Travelling, Nature, Museums & Art, Camping"
Gwen,"I'm Gwen, a fitness coach. I enjoy sports, hiking, and outdoor workouts.",woman,30,USA,"Fitness, Sports, Hiking, Nature, Biking, Camping"
Indigo,"I'm Indigo, a fashion stylist. I enjoy shopping, fashion events, and art galleries.",woman,28,USA,"Fashion, Shopping, Museums & Art, Party & Night Clubs, Music & Concerts, Dancing"
Jovie,"Hi, I'm Jovie. I'm a chef. I enjoy cooking, fishing, and farmers markets.",woman,29,USA,"Cooking, Fishing & Hunting, Shopping, Camping, Friends, Nature"
Kestrel,"I'm Kestrel, an outdoor guide. I enjoy hiking, camping, and biking.",woman,30,USA,"Hiking, Camping, Biking, Nature, Outdoor, Sports"
Lark,"Hey, I'm Lark. I'm a musician. I enjoy concerts, music festivals, and discovering artists.",woman,27,USA,"Music & Concerts, Concerts, Music, Dancing, Performance, Party & Night Clubs"
Nightingale,"Hi, I'm Nightingale. I'm a nurse. I enjoy reading, yoga, and quiet evenings.",woman,32,USA,"Reading, Meditation & Yoga, Wellness, Nature, Walking, Pets"
Orchid,"I'm Orchid, a yoga instructor. I enjoy meditation, nature, and peaceful living.",woman,31,USA,"Meditation & Yoga, Nature, Wellness, Reading, Walking, Fitness"
Primrose,"Hey, I'm Primrose. I'm a writer. I enjoy reading, coffee shops, and long walks.",woman,28,USA,"Reading, Reading books, Coffee, Walking, Music, Nature"
Quest,"I'm Quest, a photographer. I enjoy hiking, travelling, and adventure.",woman,30,USA,"Photography, Hiking, Travelling, Nature, Museums & Art, Camping"
Sky,"I'm Sky, a marine biologist. I enjoy diving, sailing, and beach days.",woman,31,USA,"Diving, Sailing, Lying on the beach, Nature, Swimming, Travelling"
Thistle,"Hey, I'm Thistle. I'm a fashion designer. I enjoy shopping, fashion events, and art galleries.",woman,28,USA,"Fashion, Shopping, Museums & Art, Party & Night Clubs, Music & Concerts, Dancing"
Umbra,"I'm Umbra, a chef. I enjoy cooking, fishing, and hosting dinner parties.",woman,30,USA,"Cooking, Fishing & Hunting, Camping, Friends, Nature, Music"
Vesper,"Hi, I'm Vesper. I'm an outdoor guide. I enjoy hiking, camping, and biking.",woman,29,USA,"Hiking, Camping, Biking, Nature, Outdoor, Sports"
Xyla,"Hey, I'm Xyla. I'm a florist. I enjoy gardening, nature walks, and photography.",woman,28,USA,"Nature, Gardening, Walking, Photography, Museums & Art, Hobbies & Crafts"
Yarrow,"I'm Yarrow, a nurse. I enjoy reading, yoga, and quiet evenings.",woman,32,USA,"Reading, Meditation & Yoga, Wellness, Nature, Walking, Pets"
Zinnia,"Hi, I'm Zinnia. I'm a yoga teacher. I enjoy meditation, nature, and peaceful living.",woman,30,USA,"Meditation & Yoga, Nature, Wellness, Reading, Walking, Fitness"
Aster,"I'm Aster, a writer. I enjoy reading, coffee shops, and long walks.",woman,29,USA,"Reading, Reading books, Coffee, Walking, Music, Nature"
Cove,"I'm Cove, a fitness coach. I enjoy sports, biking, and outdoor workouts.",woman,28,USA,"Fitness, Sports, Biking, Nature, Camping, Hiking"
Dawn,"Hi, I'm Dawn. I'm a marine biologist. I enjoy diving, sailing, and beach days.",woman,32,USA,"Diving, Sailing, Lying on the beach, Nature, Swimming, Travelling"
Echo,"I'm Echo, a fashion stylist. I enjoy shopping, fashion events, and art galleries.",woman,30,USA,"Fashion, Shopping, Museums & Art, Party & Night Clubs, Music & Concerts, Dancing"
Fawn,"Hey, I'm Fawn. I'm a chef. I enjoy cooking, fishing, and farmers markets.",woman,29,USA,"Cooking, Fishing & Hunting, Shopping, Camping, Friends, Nature"
Haze,"Hi, I'm Haze. I'm a musician. I enjoy concerts, music festivals, and discovering artists.",woman,28,USA,"Music & Concerts, Concerts, Music, Dancing, Performance, Party & Night Clubs"
Iris,"I'm Iris, a florist. I enjoy gardening, nature walks, and photography.",woman,32,USA,"Nature, Gardening, Walking, Photography, Museums & Art, Hobbies & Crafts"
Jade B,"Hey, I'm Jade. I'm a nurse. I enjoy reading, yoga, and quiet evenings.",woman,30,USA,"Reading, Meditation & Yoga, Wellness, Nature, Walking, Pets"
Kai,"I'm Kai, a yoga instructor. I enjoy meditation, nature, and peaceful living.",woman,29,USA,"Meditation & Yoga, Nature, Wellness, Reading, Walking, Fitness"
Moss,"I'm Moss, a photographer. I enjoy hiking, travelling, and adventure.",woman,28,USA,"Photography, Hiking, Travelling, Nature, Museums & Art, Camping"
Neve,"Hey, I'm Neve. I'm a fitness coach. I enjoy sports, biking, and outdoor workouts.",woman,32,USA,"Fitness, Sports, Biking, Nature, Camping, Hiking"
Onyx,"I'm Onyx, a marine biologist. I enjoy diving, sailing, and beach days.",woman,30,USA,"Diving, Sailing, Lying on the beach, Nature, Swimming, Travelling"
Pearl,"Hi, I'm Pearl. I'm a fashion designer. I enjoy shopping, fashion events, and art galleries.",woman,29,USA,"Fashion, Shopping, Museums & Art, Party & Night Clubs, Music & Concerts, Dancing"
Raven,"Hey, I'm Raven. I'm an outdoor guide. I enjoy hiking, camping, and biking.",woman,28,USA,"Hiking, Camping, Biking, Nature, Outdoor, Sports"
Sol,"I'm Sol, a musician. I enjoy concerts, music festivals, and discovering artists.",woman,32,USA,"Music & Concerts, Concerts, Music, Dancing, Performance, Party & Night Clubs"
Tide,"Hi, I'm Tide. I'm a florist. I enjoy gardening, nature walks, and photography.",woman,30,USA,"Nature, Gardening, Walking, Photography, Museums & Art, Hobbies & Crafts"
Ula,"I'm Ula, a nurse. I enjoy reading, yoga, and quiet evenings.",woman,29,USA,"Reading, Meditation & Yoga, Wellness, Nature, Walking, Pets"
Wynn,"I'm Wynn, a writer. I enjoy reading, coffee shops, and long walks.",woman,28,USA,"Reading, Reading books, Coffee, Walking, Music, Nature"
Xena,"Hi, I'm Xena. I'm a photographer. I enjoy hiking, travelling, and adventure.",woman,32,USA,"Photography, Hiking, Travelling, Nature, Museums & Art, Camping"
Yara B,"I'm Yara, a fitness coach. I enjoy sports, biking, and outdoor workouts.",woman,30,USA,"Fitness, Sports, Biking, Nature, Camping, Hiking"
Zara B,"Hey, I'm Zara. I'm a marine biologist. I enjoy diving, sailing, and beach days.",woman,29,USA,"Diving, Sailing, Lying on the beach, Nature, Swimming, Travelling"
Aria,"Hi, I'm Aria. I'm a graphic designer who loves creativity. I enjoy visiting art galleries, photography, and discovering new music.",woman,26,USA,"Museums & Art, Photography, Music & Concerts, Creativity, Hobbies & Crafts, Coffee"
Belle,"I'm Belle, a veterinarian who loves animals. I enjoy hiking, camping, and spending time outdoors with my dogs.",woman,28,USA,"Pets, Hiking, Camping, Nature, Walking, Photography"
Cora,"Hey, I'm Cora. I'm a yoga teacher who believes in balance. I enjoy meditation, nature walks, and peaceful living.",woman,29,USA,"Meditation & Yoga, Nature, Walking, Reading, Fitness, Wellness"
Daisy,"I'm Daisy, a florist who finds joy in flowers. I enjoy gardening, nature walks, and photography.",woman,26,USA,"Nature, Gardening, Walking, Photography, Hobbies & Crafts, Museums & Art"
Elara,"Hi, I'm Elara. I'm a marine biologist who loves the ocean. I enjoy diving, sailing, and beach days.",woman,30,USA,"Diving, Sailing, Lying on the beach, Nature, Swimming, Travelling"
Freya,"I'm Freya, a personal trainer who loves fitness. I enjoy hiking, biking, and outdoor workouts.",woman,27,USA,"Fitness, Hiking, Biking, Sports, Nature, Camping"
Georgia,"Hey, I'm Georgia. I'm a chef who loves experimenting with flavours. I enjoy cooking, fishing, and hosting dinner parties.",woman,29,USA,"Cooking, Fishing & Hunting, Camping, Friends, Nature, Music"
Holly B,"I'm Holly, a musician who loves performing. I enjoy concerts, music festivals, and discovering new artists.",woman,26,USA,"Music & Concerts, Concerts, Music, Dancing, Party & Night Clubs, Performance"
Ivy B,"Hi, I'm Ivy. I'm a fashion designer who loves style. I enjoy shopping, fashion events, and art galleries.",woman,27,USA,"Fashion, Shopping, Museums & Art, Party & Night Clubs, Music & Concerts, Dancing"
Jade C,"I'm Jade, an outdoor guide who loves adventure. I enjoy hiking, camping, biking, and nature.",woman,28,USA,"Hiking, Camping, Biking, Nature, Outdoor, Sports"
Kaia,"Hey, I'm Kaia. I'm a writer who loves storytelling. I enjoy reading, coffee shops, and long walks.",woman,29,USA,"Reading, Reading books, Coffee, Walking, Music, Nature"
Luna,"I'm Luna, a photographer who loves capturing moments. I enjoy hiking, travelling, and adventure.",woman,26,USA,"Photography, Hiking, Travelling, Nature, Museums & Art, Camping"
Maeve,"Hi, I'm Maeve. I'm a nurse who cares deeply about helping others. I enjoy reading, yoga, and quiet evenings.",woman,30,USA,"Reading, Meditation & Yoga, Wellness, Nature, Walking, Pets"
Nola,"I'm Nola, a fitness coach who loves staying active. I enjoy sports, biking, and outdoor workouts.",woman,27,USA,"Fitness, Sports, Biking, Nature, Camping, Hiking"
Opal,"Hey, I'm Opal. I'm a florist who loves flowers and nature. I enjoy gardening, nature walks, and photography.",woman,28,USA,"Nature, Gardening, Walking, Photography, Museums & Art, Hobbies & Crafts"
Poppy,"I'm Poppy, a baker who enjoys making desserts. I love cooking, baking, and sharing treats with friends.",woman,25,USA,"Cooking, Friends, Coffee, Shopping, Music & Concerts, Dancing"
Quinn C,"Hi, I'm Quinn. I'm an event planner who loves parties. I enjoy dancing, nightlife, and bringing people together.",woman,26,USA,"Party & Night Clubs, Dancing, Socializing, Music & Concerts, Events, Friends"
Romy,"I'm Romy, a graphic designer who loves art. I enjoy museums, creative projects, and exploring the city.",woman,27,USA,"Museums & Art, Hobbies & Crafts, Creativity, Photography, Nature, Music"
Sienna,"Hey, I'm Sienna. I'm a yoga teacher who values mindfulness. I enjoy meditation, nature, and peaceful living.",woman,29,USA,"Meditation & Yoga, Nature, Wellness, Reading, Walking, Fitness"
Tessa B,"I'm Tessa, a travel blogger who loves adventure. I enjoy travelling, hiking, and exploring new cultures.",woman,26,USA,"Travelling, Hiking, Photography, Nature, Camping, Adventure"
Uma B,"Hi, I'm Uma. I'm a marine biologist who loves the ocean. I enjoy diving, sailing, and beach conservation.",woman,31,USA,"Diving, Sailing, Lying on the beach, Nature, Swimming, Travelling"
Vera B,"I'm Vera, a writer who loves storytelling. I enjoy reading, coffee shops, and long walks.",woman,28,USA,"Reading, Reading books, Coffee, Walking, Music, Nature"
Wren B,"Hey, I'm Wren. I'm a personal trainer who loves fitness. I enjoy hiking, biking, and outdoor workouts.",woman,27,USA,"Fitness, Hiking, Biking, Sports, Nature, Camping"
Xena B,"I'm Xena, a photographer who loves capturing moments. I enjoy hiking, travelling, and adventure.",woman,29,USA,"Photography, Hiking, Travelling, Nature, Museums & Art, Camping"
Yara C,"Hi, I'm Yara. I'm a chef who loves experimenting. I enjoy cooking, fishing, and hosting dinner parties.",woman,28,USA,"Cooking, Fishing & Hunting, Camping, Friends, Nature, Music"
Zara C,"I'm Zara, a musician who loves performing. I enjoy concerts, music festivals, and discovering new artists.",woman,26,USA,"Music & Concerts, Concerts, Music, Dancing, Party & Night Clubs, Performance"
Ayla,"Hey, I'm Ayla. I'm a fashion stylist who loves creativity. I enjoy shopping, fashion events, and art galleries.",woman,27,USA,"Fashion, Shopping, Museums & Art, Party & Night Clubs, Music & Concerts, Dancing"
Bria,"I'm Bria, an outdoor guide who loves adventure. I enjoy hiking, camping, biking, and nature.",woman,28,USA,"Hiking, Camping, Biking, Nature, Outdoor, Sports"
Cleo,"Hi, I'm Cleo. I'm a yoga teacher who believes in balance. I enjoy meditation, nature walks, and quiet evenings.",woman,29,USA,"Meditation & Yoga, Nature, Walking, Reading, Fitness, Wellness"
Della,"I'm Della, a florist who finds joy in flowers. I enjoy gardening, nature walks, and photography.",woman,26,USA,"Nature, Gardening, Walking, Photography, Hobbies & Crafts, Museums & Art"
Esme,"Hey, I'm Esme. I'm a marine biologist who loves the ocean. I enjoy diving, sailing, and beach days.",woman,30,USA,"Diving, Sailing, Lying on the beach, Nature, Swimming, Travelling"
Flora,"I'm Flora, a fitness coach who loves staying active. I enjoy sports, biking, and outdoor workouts.",woman,27,USA,"Fitness, Sports, Biking, Nature, Camping, Hiking"
Gia,"Hi, I'm Gia. I'm a chef who loves experimenting with flavours. I enjoy cooking, fishing, and hosting dinner parties.",woman,29,USA,"Cooking, Fishing & Hunting, Camping, Friends, Nature, Music"
Hana,"I'm Hana, a musician who loves performing. I enjoy concerts, music festivals, and discovering new artists.",woman,26,USA,"Music & Concerts, Concerts, Music, Dancing, Party & Night Clubs, Performance"
Indie,"Hey, I'm Indie. I'm a fashion designer who loves style. I enjoy shopping, fashion events, and art galleries.",woman,27,USA,"Fashion, Shopping, Museums & Art, Party & Night Clubs, Music & Concerts, Dancing"
Jovie B,"I'm Jovie, an outdoor guide who loves adventure. I enjoy hiking, camping, biking, and nature.",woman,28,USA,"Hiking, Camping, Biking, Nature, Outdoor, Sports"
Kira,"Hi, I'm Kira. I'm a writer who loves storytelling. I enjoy reading, coffee shops, and long walks.",woman,29,USA,"Reading, Reading books, Coffee, Walking, Music, Nature"
Lark B,"I'm Lark, a photographer who loves capturing moments. I enjoy hiking, travelling, and adventure.",woman,26,USA,"Photography, Hiking, Travelling, Nature, Museums & Art, Camping"
Mira,"Hey, I'm Mira. I'm a nurse who cares deeply about helping others. I enjoy reading, yoga, and quiet evenings.",woman,30,USA,"Reading, Meditation & Yoga, Wellness, Nature, Walking, Pets"
Nia,"I'm Nia, a fitness coach who loves staying active. I enjoy sports, biking, and outdoor workouts.",woman,27,USA,"Fitness, Sports, Biking, Nature, Camping, Hiking"
Ora,"Hi, I'm Ora. I'm a florist who loves flowers and nature. I enjoy gardening, nature walks, and photography.",woman,28,USA,"Nature, Gardening, Walking, Photography, Museums & Art, Hobbies & Crafts"
Pia,"I'm Pia, a baker who enjoys making desserts. I love cooking, baking, and sharing treats with friends.",woman,25,USA,"Cooking, Friends, Coffee, Shopping, Music & Concerts, Dancing"
Rae,"Hey, I'm Rae. I'm an event planner who loves parties. I enjoy dancing, nightlife, and bringing people together.",woman,26,USA,"Party & Night Clubs, Dancing, Socializing, Music & Concerts, Events, Friends"
Sage B,"I'm Sage, a graphic designer who loves art. I enjoy museums, creative projects, and exploring the city.",woman,27,USA,"Museums & Art, Hobbies & Crafts, Creativity, Photography, Nature, Music"
Tara,"Hi, I'm Tara. I'm a yoga teacher who values mindfulness. I enjoy meditation, nature, and peaceful living.",woman,29,USA,"Meditation & Yoga, Nature, Wellness, Reading, Walking, Fitness"
Una,"I'm Una, a travel blogger who loves adventure. I enjoy travelling, hiking, and exploring new cultures.",woman,26,USA,"Travelling, Hiking, Photography, Nature, Camping, Adventure"
Veda B,"Hey, I'm Veda. I'm a marine biologist who loves the ocean. I enjoy diving, sailing, and beach days.",woman,31,USA,"Diving, Sailing, Lying on the beach, Nature, Swimming, Travelling"
Willa B,"I'm Willa, a writer who loves storytelling. I enjoy reading, coffee shops, and long walks.",woman,28,USA,"Reading, Reading books, Coffee, Walking, Music, Nature"
Xia,"Hi, I'm Xia. I'm a personal trainer who loves fitness. I enjoy hiking, biking, and outdoor workouts.",woman,27,USA,"Fitness, Hiking, Biking, Sports, Nature, Camping"
Yuki B,"I'm Yuki, a photographer who loves capturing moments. I enjoy hiking, travelling, and adventure.",woman,29,USA,"Photography, Hiking, Travelling, Nature, Museums & Art, Camping"
Zia,"Hey, I'm Zia. I'm a chef who loves experimenting. I enjoy cooking, fishing, and hosting dinner parties.",woman,28,USA,"Cooking, Fishing & Hunting, Camping, Friends, Nature, Music"
